P,o,m,m,e,l,H,o,r,s,e
S,u,r,f,i,n,g
H,a,m,m,e,r,T,h,r,o,w
P,l,a,y,i,n,g,V,i,o,l,i,n
W,a,l,l,P,u,s,h,u,p,s
P,u,l,l,U,p,s
P,i,z,z,a,T,o,s,s,i,n,g
S,a,l,s,a,S,p,i,n
S,h,o,t,p,u,t
C,r,i,c,k,e,t,S,h,o,t
H,o,r,s,e,R,i,d,i,n,g
C,l,i,f,f,D,i,v,i,n,g
R,o,w,i,n,g
B,e,n,c,h,P,r,e,s,s
S,k,y,D,i,v,i,n,g
B,a,s,e,b,a,l,l,P,i,t,c,h
L,u,n,g,e,s
H,a,i,r,c,u,t
J,u,m,p,R,o,p,e
K,a,y,a,k,i,n,g
G,o,l,f,S,w,i,n,g
F,r,o,n,t,C,r,a,w,l
B,o,w,l,i,n,g
R,o,p,e,C,l,i,m,b,i,n,g
B,o,x,i,n,g,S,p,e,e,d,B,a,g
S,h,a,v,i,n,g,B,e,a,r,d
S,w,i,n,g
R,o,c,k,C,l,i,m,b,i,n,g,I,n,d,o,o,r
P,a,r,a,l,l,e,l,B,a,r,s
F,e,n,c,i,n,g
D,i,v,i,n,g
T,r,a,m,p,o,l,i,n,e,J,u,m,p,i,n,g
P,l,a,y,i,n,g,D,h,o,l
A,p,p,l,y,E,y,e,M,a,k,e,u,p
H,a,n,d,s,t,a,n,d,W,a,l,k,i,n,g
B,a,n,d,M,a,r,c,h,i,n,g
S,k,i,j,e,t
B,r,u,s,h,i,n,g,T,e,e,t,h
B,i,l,l,i,a,r,d,s
L,o,n,g,J,u,m,p
T,e,n,n,i,s,S,w,i,n,g
B,r,e,a,s,t,S,t,r,o,k,e
M,i,x,i,n,g
T,a,b,l,e,T,e,n,n,i,s,S,h,o,t
P,u,n,c,h
V,o,l,l,e,y,b,a,l,l,S,p,i,k,i,n,g
P,l,a,y,i,n,g,C,e,l,l,o
J,u,g,g,l,i,n,g,B,a,l,l,s
A,p,p,l,y,L,i,p,s,t,i,c,k
R,a,f,t,i,n,g
H,a,m,m,e,r,i,n,g
B,a,l,a,n,c,e,B,e,a,m
K,n,i,t,t,i,n,g
D,r,u,m,m,i,n,g
H,i,g,h,J,u,m,p
P,l,a,y,i,n,g,T,a,b,l,a
B,o,d,y,W,e,i,g,h,t,S,q,u,a,t,s
P,l,a,y,i,n,g,P,i,a,n,o
H,a,n,d,s,t,a,n,d,P,u,s,h,u,p,s
T,a,i,C,h,i
T,y,p,i,n,g
S,o,c,c,e,r,P,e,n,a,l,t,y
J,a,v,e,l,i,n,T,h,r,o,w
P,l,a,y,i,n,g,D,a,f
B,i,k,i,n,g
C,r,i,c,k,e,t,B,o,w,l,i,n,g
B,l,o,w,i,n,g,C,a,n,d,l,e,s
S,k,a,t,e,B,o,a,r,d,i,n,g
S,o,c,c,e,r,J,u,g,g,l,i,n,g
B,a,s,k,e,t,b,a,l,l,D,u,n,k
C,l,e,a,n,A,n,d,J,e,r,k
H,e,a,d,M,a,s,s,a,g,e
F,l,o,o,r,G,y,m,n,a,s,t,i,c,s
S,u,m,o,W,r,e,s,t,l,i,n,g
B,a,b,y,C,r,a,w,l,i,n,g
H,u,l,a,H,o,o,p
F,i,e,l,d,H,o,c,k,e,y,P,e,n,a,l,t,y
M,o,p,p,i,n,g,F,l,o,o,r
S,k,i,i,n,g
B,l,o,w,D,r,y,H,a,i,r
P,o,l,e,V,a,u,l,t
B,a,s,k,e,t,b,a,l,l
M,i,l,i,t,a,r,y,P,a,r,a,d,e
P,u,s,h,U,p,s
H,o,r,s,e,R,a,c,e
P,l,a,y,i,n,g,S,i,t,a,r
W,a,l,k,i,n,g,W,i,t,h,D,o,g
P,l,a,y,i,n,g,G,u,i,t,a,r
S,t,i,l,l,R,i,n,g,s
U,n,e,v,e,n,B,a,r,s
A,r,c,h,e,r,y
B,o,x,i,n,g,P,u,n,c,h,i,n,g,B,a,g
C,u,t,t,i,n,g,I,n,K,i,t,c,h,e,n
T,h,r,o,w,D,i,s,c,u,s
N,u,n,c,h,u,c,k,s
W,r,i,t,i,n,g,O,n,B,o,a,r,d
Y,o,Y,o
P,l,a,y,i,n,g,F,l,u,t,e
I,c,e,D,a,n,c,i,n,g
F,r,i,s,b,e,e,C,a,t,c,h
J,u,m,p,i,n,g,J,a,c,k
